0,1,2,3,4,5,6,7,8,9,10,11,12,13,14,15,16,17
wind up toys,pull back toys,rc cars,robotic pet,transformer,kinetic sand toys,marble run,pinball,rube goldberg machine,,,,,,,,,
new innovative tracks and features,expand the range of hot wheels cars,incorporate sensors and ar,collaborate with popular franchises,offer customization options,encourage more collaborative play,,,,,,,,,,,,
action figure,transformer,power rangers toy,nerf blasters,rc robot,sword and shield,toy gun,stunt scooter,skateboard,drone toy,playsets,construction set,yo-yo,fidget spinner,play tent,boomerang,slingshot,zipline
rc toys,robotic pets,hatchimals,electric bikes,electric trains,slot car racing,pinball,claw machines,electronic learning toys,electric guitars,electronic dart board,ar toys,nerf blasters,,,,,
add features,integrate modern technology,increase customization,improve accessibility,enhance lighting,enhance sound effects,,,,,,,,,,,,
increase difficulty,increase complexity,introduce randomness,add strategic depth,introduce limited resources,,,,,,,,,,,,,
modify the materials,add tricks,community and competitions,personalization,innovation and technology,add tutorials,,,,,,,,,,,,
action figures,playsets,rc cars,nerf blasters,transformer,power rangers toy,construction set,beyblades,superhero costumes,,,,,,,,,
new and challenging courses,add upgrades,add accessories,play with friends,use imagination,play in different environments,,,,,,,,,,,,
operation game,,,,,,,,,,,,,,,,,
adding variety,incorporating technology,add educational content,add collaboration,,,,,,,,,,,,,,
magic themed operation,space themed operation,monster themed operation,,,,,,,,,,,,,,,
building themed operation,engineering themed operation,repair themed operation,,,,,,,,,,,,,,,
animatronic pets,hatchimals,robotic fish,,,,,,,,,,,,,,,
lego sets,nerf,play-dough,hot wheels,,,,,,,,,,,,,,
encourage open ended play,introduce different types of tracks,create new ways to collect and trade cars,incorporate educational elements,,,,,,,,,,,,,,
vr or ar toys,offer more customization,introduce different themes,expand age range,foster collaborative play,,,,,,,,,,,,,
wind up toys,pull back toys,marble run,jack in the box,music box,automata,kinetic sculptures,,,,,,,,,,,
wind up robot,pull back cars,rube goldberg machine,slinky,wind up music box,puppets,pinball machines,,,,,,,,,,,
add more obstacles,incorporate different surfaces,use different sizes of marbles,add themes,use different types of tracks,introduce multiplayer modes,use technology,,,,,,,,,,,
art projects,stress releif,physics experiments,decorative purposes,sensory play,game pieces,building blocks,,,,,,,,,,,
expand track designs,add customization,gamification,incorporate technology,educational content,,,,,,,,,,,,,
nerf guns,frisbees,scooters,balls,action figures,rc cars,building sets,play tents,water toys,pogo sticks,,,,,,,,
upgrade the battery,change the tires,customize the body,add lights,create obstacles,upgrade motor,add sound effects,race with friends,,,,,,,,,,
assign roles,share equipment,play team games,organize a club,build custom tracks,share knowledge,,,,,,,,,,,,
allow customization,add difficulty levels,,,,,,,,,,,,,,,,
offer different designs,appeal to specific interests,offer a range of sizes,highlight educational benefits,provide customization options,,,,,,,,,,,,,
slinky,newtons cradle,wind up toys,jack in the box,pop up toys,spin tops,pin art,marble runs,rubicks cube,zoetrope,,,,,,,,
add more strategic elements,expand game modes,incorporate technology,add multiplayer options,create a story or narrative,,,,,,,,,,,,,
action figures,,,,,,,,,,,,,,,,,
customize the spinner,spin challenges,learn to perform tricks,multiplayer games,spin and create art,sprinner relay,,,,,,,,,,,,
3d print custom shells,add weight,change material,add lights,change the bearings,chain spinner togather,change the shape,glow in the dark spinners,create spinner tower,add sound effects,,,,,,,,
new activities and games,more advanced programming options,interactive accessories,add personalization options,educational content,,,,,,,,,,,,,
marble runs,kinetic sand,building sets,knex,hexbug toys,tinker toys,circuit maze,solar powered cars,rube goldberg machine,rubicks cube,,,,,,,,
rc cars,snap circuits,gear sets,magnetic building sets,spirographs,stomp rockets,circuit scribe,mecanno sets,magnetix sets,play-dough,,,,,,,,
include educational materials,provide additional designs,encourage teamwork,add special effects,,,,,,,,,,,,,,
modify the blaster,upgrade the darts,customize the blaster,use tactical gear,practice aim and strategy,,,,,,,,,,,,,
create new game modes,build obstacle courses,incorporate role playing elements,host tournaments ,use special effects,introduce team building exercises,,,,,,,,,,,,
enhanced interactivity,improved learning capabilities,expand game options,greater customization,,,,,,,,,,,,,,
wind up toys,single function mechanical toys,rc toys,mechanical puzzles,,,,,,,,,,,,,,
color options,advertizing and packaging,features and design,marketing strategies,collaborations,,,,,,,,,,,,,
design and asthetics,features and capabilities,add customizability,multiplayer options,branding and marketing,,,,,,,,,,,,,
electronics and circuitry,mechanics and engineering,physics and math,programming and robotics,problem solving and critical thinking,,,,,,,,,,,,,
rubicks cube,,,,,,,,,,,,,,,,,
introduce different challenges,create new games,,,,,,,,,,,,,,,,
nighttime glow spike ball,multi ball spike ball,blindfolded spike ball,water spike ball,spike ball with obstacle course,,,,,,,,,,,,,